﻿{
    "1":  {
              "ServerName":  "Server001",
              "UUID":  "6aae5324-265b-4403-a2df-31dce6610d04",
              "SourceDir":  "W:\\",
              "DestDir":  "Y:\\RoboCopyTest\\SVAntigo\\",
              "RoboCopyExitCode":  "16",
              "RoboCopyErrDesc":  "Serious error. Robocopy did not copy any files.Either a usage error or an error due to insufficient access privileges on the source or destination directories.",
              "Successful":  "18710101",
              "Current":  "20190910",
              "OpsErrDesc":  "",
              "Status":  "Warnings"
          }
}
